start_frame,end_frame,start_time,end_time,score
0,149,0.0,4.966666666666667,0.0
150,299,5.0,9.966666666666667,1.12
300,449,10.0,14.966666666666667,0.0
450,599,15.0,19.966666666666665,0.54
600,749,20.0,24.966666666666665,0.0
750,899,25.0,29.966666666666665,0.0
900,1049,30.0,34.96666666666667,0.0
1050,1199,35.0,39.96666666666667,0.0
1200,1349,40.0,44.96666666666667,0.0
1350,1499,45.0,49.96666666666667,0.0
1500,1640,50.0,54.666666666666664,0.9361702127659575
